Workbook

Sheet Instructions
B2: SQF Internal Audit Checklist
B3: This template helps FSQA teams run certification-grade internal audits for SQF Edition 9 (Module 2 & 11).
B7: How to use this template:
B9: Fill Out Audit Info
B10: Start on the Audit Info tab and enter your facility details, audit scope, dates, and auditor.
B12: Complete the Checklists
B13: Go to Module 2 – System and Module 11 – GMP.
B15: For each line:
B16: • Select a Status (C, MIN, MAJ, CRIT, N/A)
B17: • Select an Evidence Type (R, D, O, I)
B18: • Write brief Evidence / Observations
B19: • If not compliant, select a Root Cause
... B28: The (EXAMPLE) sheets show a completed audit so you can see how entries and dashboards should look. Use them as a reference or for training.

Sheet Scoring Legend
A1: Code | B1: Meaning
A2: C | B2: Compliant
A3: MIN | B3: Minor Non-Conformance (1 pt)
A4: MAJ | B4: Major Non-Conformance (5 pts)
A5: CRIT | B5: Critical Non-Conformance (50 pts)
A6: N/A | B6: Not Applicable

Sheet Audit Info
A1: Audit Details | B1: Information
A2: Facility Name
A3: Facility Address
A4: SQF Code Edition
A5: SQF Module(s) Audited
A6: Audit Type (Internal / Mock / Pre-assessment)
A7: Audit Scope (Products / Lines / Processes Covered)
A8: SQF Practitioner
A9: Audit Date(s)
A10: Auditor Name(s)
A11: Auditor Role / Qualification
A12: Plant Contact / FSQA Lead
A13: Shift Audited (Day / Night / Both)
... A16: Overall Audit Objective

Sheet Dashboard
B3: SQF Internal Audit Dashboard
J30: Click to watch Demo Video (60 seconds)
J31: Schedule a 1 on demo here: Schedule on Calendly
B44: SQF Internal Audit Dashboard (Dynamic)
A46: Column 3 | B46: Overall Status Distribution | C46: Column 1 | E46: Module 2 Compliance by Section (% C of (C+NC)) | F46: Column 1 | G46: Column 2 | I46: Module 11 GMP Compliance by Area (% C of (C+NC)) | J46: Column 1 | K46: Column 2
B47: Status | C47: Count | E47: Section | F47: % Compliant | G47: NC Count | I47: GMP Area | J47: % Compliant | K47: NC Count
B48: C | C48: =COUNTIF('Module 2 - System'!$D:$D,"C") + COUNTIF('Module 11 - GMP'!$C:$C,"C") -> 0 | E48: 2.1 Management Commitment | F48: =IFERROR(COUNTIFS('Module 2 - System'!$B:$B,"2.1 Management Commitment",'Module 2 - System'!$D:$D,"C") / (COUNTIFS('Module 2 - System'!$B:$B,"2.1 Management Commitment",'Module 2 - System'!$D:$D,"<>",'Module 2 - System'!$D:$D,"<>N/A")),0) -> 0 | G48: =COUNTIFS('Module 2 - System'!$B:$B,"2.1 Management Commitment",'Module 2 - System'!$D:$D,"MIN")+COUNTIFS('Module 2 - System'!$B:$B,"2.1 Management Commitment",'Module 2 - System'!$D:$D,"MAJ")+COUNTIFS('Module 2 - System'!$B:$B,"2.1 Management Commitment",'Module 2 - System'!$D:$D,"CRIT") -> 0 | I48: Site & premises | J48: =IFERROR(COUNTIFS('Module 11 - GMP'!$B:$B,"Site & premises",'Module 11 - GMP'!$C:$C,"C") / (COUNTIFS('Module 11 - GMP'!$B:$B,"Site & premises",'Module 11 - GMP'!$C:$C,"<>",'Module 11 - GMP'!$C:$C,"<>N/A")),0) -> 0 | K48: =COUNTIFS('Module 11 - GMP'!$B:$B,"Site & premises",'Module 11 - GMP'!$C:$C,"MIN")+COUNTIFS('Module 11 - GMP'!$B:$B,"Site & premises",'Module 11 - GMP'!$C:$C,"MAJ")+COUNTIFS('Module 11 - GMP'!$B:$B,"Site & premises",'Module 11 - GMP'!$C:$C,"CRIT") -> 0
B49: MIN | C49: =COUNTIF('Module 2 - System'!$D:$D,"MIN") + COUNTIF('Module 11 - GMP'!$C:$C,"MIN") -> 0 | E49: 2.2 Document Control & Records | F49: =IFERROR(COUNTIFS('Module 2 - System'!$B:$B,"2.2 Document Control & Records",'Module 2 - System'!$D:$D,"C") / (COUNTIFS('Module 2 - System'!$B:$B,"2.2 Document Control & Records",'Module 2 - System'!$D:$D,"<>",'Module 2 - System'!$D:$D,"<>N/A")),0) -> 0 | G49: =COUNTIFS('Module 2 - System'!$B:$B,"2.2 Document Control & Records",'Module 2 - System'!$D:$D,"MIN")+COUNTIFS('Module 2 - System'!$B:$B,"2.2 Document Control & Records",'Module 2 - System'!$D:$D,"MAJ")+COUNTIFS('Module 2 - System'!$B:$B,"2.2 Document Control & Records",'Module 2 - System'!$D:$D,"CRIT") -> 0 | I49: Personnel hygiene | J49: =IFERROR(COUNTIFS('Module 11 - GMP'!$B:$B,"Personnel hygiene",'Module 11 - GMP'!$C:$C,"C") / (COUNTIFS('Module 11 - GMP'!$B:$B,"Personnel hygiene",'Module 11 - GMP'!$C:$C,"<>",'Module 11 - GMP'!$C:$C,"<>N/A")),0) -> 0 | K49: =COUNTIFS('Module 11 - GMP'!$B:$B,"Personnel hygiene",'Module 11 - GMP'!$C:$C,"MIN")+COUNTIFS('Module 11 - GMP'!$B:$B,"Personnel hygiene",'Module 11 - GMP'!$C:$C,"MAJ")+COUNTIFS('Module 11 - GMP'!$B:$B,"Personnel hygiene",'Module 11 - GMP'!$C:$C,"CRIT") -> 0
B50: MAJ | C50: =COUNTIF('Module 2 - System'!$D:$D,"MAJ") + COUNTIF('Module 11 - GMP'!$C:$C,"MAJ") -> 0 | E50: 2.3 Specifications & Supplier Management | F50: =IFERROR(COUNTIFS('Module 2 - System'!$B:$B,"2.3 Specifications & Supplier Management",'Module 2 - System'!$D:$D,"C") / (COUNTIFS('Module 2 - System'!$B:$B,"2.3 Specifications & Supplier Management",'Module 2 - System'!$D:$D,"<>",'Module 2 - System'!$D:$D,"<>N/A")),0) -> 0 | G50: =COUNTIFS('Module 2 - System'!$B:$B,"2.3 Specifications & Supplier Management",'Module 2 - System'!$D:$D,"MIN")+COUNTIFS('Module 2 - System'!$B:$B,"2.3 Specifications & Supplier Management",'Module 2 - System'!$D:$D,"MAJ")+COUNTIFS('Module 2 - System'!$B:$B,"2.3 Specifications & Supplier Management",'Module 2 - System'!$D:$D,"CRIT") -> 0 | I50: Water / Air / Ice | J50: =IFERROR(COUNTIFS('Module 11 - GMP'!$B:$B,"Water / Air / Ice",'Module 11 - GMP'!$C:$C,"C") / (COUNTIFS('Module 11 - GMP'!$B:$B,"Water / Air / Ice",'Module 11 - GMP'!$C:$C,"<>",'Module 11 - GMP'!$C:$C,"<>N/A")),0) -> 0 | K50: =COUNTIFS('Module 11 - GMP'!$B:$B,"Water / Air / Ice",'Module 11 - GMP'!$C:$C,"MIN")+COUNTIFS('Module 11 - GMP'!$B:$B,"Water / Air / Ice",'Module 11 - GMP'!$C:$C,"MAJ")+COUNTIFS('Module 11 - GMP'!$B:$B,"Water / Air / Ice",'Module 11 - GMP'!$C:$C,"CRIT") -> 0
B51: CRIT | C51: =COUNTIF('Module 2 - System'!$D:$D,"CRIT") + COUNTIF('Module 11 - GMP'!$C:$C,"CRIT") -> 0 | E51: 2.4 Food Safety System (HACCP) | F51: =IFERROR(COUNTIFS('Module 2 - System'!$B:$B,"2.4 Food Safety System (HACCP)",'Module 2 - System'!$D:$D,"C") / (COUNTIFS('Module 2 - System'!$B:$B,"2.4 Food Safety System (HACCP)",'Module 2 - System'!$D:$D,"<>",'Module 2 - System'!$D:$D,"<>N/A")),0) -> 0 | G51: =COUNTIFS('Module 2 - System'!$B:$B,"2.4 Food Safety System (HACCP)",'Module 2 - System'!$D:$D,"MIN")+COUNTIFS('Module 2 - System'!$B:$B,"2.4 Food Safety System (HACCP)",'Module 2 - System'!$D:$D,"MAJ")+COUNTIFS('Module 2 - System'!$B:$B,"2.4 Food Safety System (HACCP)",'Module 2 - System'!$D:$D,"CRIT") -> 0 | I51: Cleaning & sanitation | J51: =IFERROR(COUNTIFS('Module 11 - GMP'!$B:$B,"Cleaning & sanitation",'Module 11 - GMP'!$C:$C,"C") / (COUNTIFS('Module 11 - GMP'!$B:$B,"Cleaning & sanitation",'Module 11 - GMP'!$C:$C,"<>",'Module 11 - GMP'!$C:$C,"<>N/A")),0) -> 0 | K51: =COUNTIFS('Module 11 - GMP'!$B:$B,"Cleaning & sanitation",'Module 11 - GMP'!$C:$C,"MIN")+COUNTIFS('Module 11 - GMP'!$B:$B,"Cleaning & sanitation",'Module 11 - GMP'!$C:$C,"MAJ")+COUNTIFS('Module 11 - GMP'!$B:$B,"Cleaning & sanitation",'Module 11 - GMP'!$C:$C,"CRIT") -> 0
B52: N/A | C52: =COUNTIF('Module 2 - System'!$D:$D,"N/A") + COUNTIF('Module 11 - GMP'!$C:$C,"N/A") -> 39 | E52: 2.5 Verification, Validation & Improvement | F52: =IFERROR(COUNTIFS('Module 2 - System'!$B:$B,"2.5 Verification, Validation & Improvement",'Module 2 - System'!$D:$D,"C") / (COUNTIFS('Module 2 - System'!$B:$B,"2.5 Verification, Validation & Improvement",'Module 2 - System'!$D:$D,"<>",'Module 2 - System'!$D:$D,"<>N/A")),0) -> 0 | G52: =COUNTIFS('Module 2 - System'!$B:$B,"2.5 Verification, Validation & Improvement",'Module 2 - System'!$D:$D,"MIN")+COUNTIFS('Module 2 - System'!$B:$B,"2.5 Verification, Validation & Improvement",'Module 2 - System'!$D:$D,"MAJ")+COUNTIFS('Module 2 - System'!$B:$B,"2.5 Verification, Validation & Improvement",'Module 2 - System'!$D:$D,"CRIT") -> 0 | I52: Pest control | J52: =IFERROR(COUNTIFS('Module 11 - GMP'!$B:$B,"Pest control",'Module 11 - GMP'!$C:$C,"C") / (COUNTIFS('Module 11 - GMP'!$B:$B,"Pest control",'Module 11 - GMP'!$C:$C,"<>",'Module 11 - GMP'!$C:$C,"<>N/A")),0) -> 0 | K52: =COUNTIFS('Module 11 - GMP'!$B:$B,"Pest control",'Module 11 - GMP'!$C:$C,"MIN")+COUNTIFS('Module 11 - GMP'!$B:$B,"Pest control",'Module 11 - GMP'!$C:$C,"MAJ")+COUNTIFS('Module 11 - GMP'!$B:$B,"Pest control",'Module 11 - GMP'!$C:$C,"CRIT") -> 0
E53: 2.6 Traceability & Recall | F53: =IFERROR(COUNTIFS('Module 2 - System'!$B:$B,"2.6 Traceability & Recall",'Module 2 - System'!$D:$D,"C") / (COUNTIFS('Module 2 - System'!$B:$B,"2.6 Traceability & Recall",'Module 2 - System'!$D:$D,"<>",'Module 2 - System'!$D:$D,"<>N/A")),0) -> 0 | G53: =COUNTIFS('Module 2 - System'!$B:$B,"2.6 Traceability & Recall",'Module 2 - System'!$D:$D,"MIN")+COUNTIFS('Module 2 - System'!$B:$B,"2.6 Traceability & Recall",'Module 2 - System'!$D:$D,"MAJ")+COUNTIFS('Module 2 - System'!$B:$B,"2.6 Traceability & Recall",'Module 2 - System'!$D:$D,"CRIT") -> 0 | I53: Equipment & maintenance | J53: =IFERROR(COUNTIFS('Module 11 - GMP'!$B:$B,"Equipment & maintenance",'Module 11 - GMP'!$C:$C,"C") / (COUNTIFS('Module 11 - GMP'!$B:$B,"Equipment & maintenance",'Module 11 - GMP'!$C:$C,"<>",'Module 11 - GMP'!$C:$C,"<>N/A")),0) -> 0 | K53: =COUNTIFS('Module 11 - GMP'!$B:$B,"Equipment & maintenance",'Module 11 - GMP'!$C:$C,"MIN")+COUNTIFS('Module 11 - GMP'!$B:$B,"Equipment & maintenance",'Module 11 - GMP'!$C:$C,"MAJ")+COUNTIFS('Module 11 - GMP'!$B:$B,"Equipment & maintenance",'Module 11 - GMP'!$C:$C,"CRIT") -> 0
B54: Total Items Audited (non-blank status) | C54: =COUNTIF('Module 2 - System'!$D:$D,"<>") + COUNTIF('Module 11 - GMP'!$C:$C,"<>") -> 41 | E54: 2.7 Customer Complaints & CAPA | F54: =IFERROR(COUNTIFS('Module 2 - System'!$B:$B,"2.7 Customer Complaints & CAPA",'Module 2 - System'!$D:$D,"C") / (COUNTIFS('Module 2 - System'!$B:$B,"2.7 Customer Complaints & CAPA",'Module 2 - System'!$D:$D,"<>",'Module 2 - System'!$D:$D,"<>N/A")),0) -> 0 | G54: =COUNTIFS('Module 2 - System'!$B:$B,"2.7 Customer Complaints & CAPA",'Module 2 - System'!$D:$D,"MIN")+COUNTIFS('Module 2 - System'!$B:$B,"2.7 Customer Complaints & CAPA",'Module 2 - System'!$D:$D,"MAJ")+COUNTIFS('Module 2 - System'!$B:$B,"2.7 Customer Complaints & CAPA",'Module 2 - System'!$D:$D,"CRIT") -> 0 | I54: Calibration | J54: =IFERROR(COUNTIFS('Module 11 - GMP'!$B:$B,"Calibration",'Module 11 - GMP'!$C:$C,"C") / (COUNTIFS('Module 11 - GMP'!$B:$B,"Calibration",'Module 11 - GMP'!$C:$C,"<>",'Module 11 - GMP'!$C:$C,"<>N/A")),0) -> 0 | K54: =COUNTIFS('Module 11 - GMP'!$B:$B,"Calibration",'Module 11 - GMP'!$C:$C,"MIN")+COUNTIFS('Module 11 - GMP'!$B:$B,"Calibration",'Module 11 - GMP'!$C:$C,"MAJ")+COUNTIFS('Module 11 - GMP'!$B:$B,"Calibration",'Module 11 - GMP'!$C:$C,"CRIT") -> 0
B55: % Compliant (C / (C+NC)) | C55: =IFERROR(C48/(C48+C49+C50+C51),0) -> 0 | E55: 2.8 Food Defense & Food Fraud | F55: =IFERROR(COUNTIFS('Module 2 - System'!$B:$B,"2.8 Food Defense & Food Fraud",'Module 2 - System'!$D:$D,"C") / (COUNTIFS('Module 2 - System'!$B:$B,"2.8 Food Defense & Food Fraud",'Module 2 - System'!$D:$D,"<>",'Module 2 - System'!$D:$D,"<>N/A")),0) -> 0 | G55: =COUNTIFS('Module 2 - System'!$B:$B,"2.8 Food Defense & Food Fraud",'Module 2 - System'!$D:$D,"MIN")+COUNTIFS('Module 2 - System'!$B:$B,"2.8 Food Defense & Food Fraud",'Module 2 - System'!$D:$D,"MAJ")+COUNTIFS('Module 2 - System'!$B:$B,"2.8 Food Defense & Food Fraud",'Module 2 - System'!$D:$D,"CRIT") -> 0 | I55: Glass & brittle plastics | J55: =IFERROR(COUNTIFS('Module 11 - GMP'!$B:$B,"Glass & brittle plastics",'Module 11 - GMP'!$C:$C,"C") / (COUNTIFS('Module 11 - GMP'!$B:$B,"Glass & brittle plastics",'Module 11 - GMP'!$C:$C,"<>",'Module 11 - GMP'!$C:$C,"<>N/A")),0) -> 0 | K55: =COUNTIFS('Module 11 - GMP'!$B:$B,"Glass & brittle plastics",'Module 11 - GMP'!$C:$C,"MIN")+COUNTIFS('Module 11 - GMP'!$B:$B,"Glass & brittle plastics",'Module 11 - GMP'!$C:$C,"MAJ")+COUNTIFS('Module 11 - GMP'!$B:$B,"Glass & brittle plastics",'Module 11 - GMP'!$C:$C,"CRIT") -> 0
E56: 2.9 Training | F56: =IFERROR(COUNTIFS('Module 2 - System'!$B:$B,"2.9 Training",'Module 2 - System'!$D:$D,"C") / (COUNTIFS('Module 2 - System'!$B:$B,"2.9 Training",'Module 2 - System'!$D:$D,"<>",'Module 2 - System'!$D:$D,"<>N/A")),0) -> 0 | G56: =COUNTIFS('Module 2 - System'!$B:$B,"2.9 Training",'Module 2 - System'!$D:$D,"MIN")+COUNTIFS('Module 2 - System'!$B:$B,"2.9 Training",'Module 2 - System'!$D:$D,"MAJ")+COUNTIFS('Module 2 - System'!$B:$B,"2.9 Training",'Module 2 - System'!$D:$D,"CRIT") -> 0 | I56: Foreign material control | J56: =IFERROR(COUNTIFS('Module 11 - GMP'!$B:$B,"Foreign material control",'Module 11 - GMP'!$C:$C,"C") / (COUNTIFS('Module 11 - GMP'!$B:$B,"Foreign material control",'Module 11 - GMP'!$C:$C,"<>",'Module 11 - GMP'!$C:$C,"<>N/A")),0) -> 0 | K56: =COUNTIFS('Module 11 - GMP'!$B:$B,"Foreign material control",'Module 11 - GMP'!$C:$C,"MIN")+COUNTIFS('Module 11 - GMP'!$B:$B,"Foreign material control",'Module 11 - GMP'!$C:$C,"MAJ")+COUNTIFS('Module 11 - GMP'!$B:$B,"Foreign material control",'Module 11 - GMP'!$C:$C,"CRIT") -> 0
B57: Non-Conformances (MIN+MAJ+CRIT) | C57: =C49+C50+C51 -> 0 | I57: Allergen management | J57: =IFERROR(COUNTIFS('Module 11 - GMP'!$B:$B,"Allergen management",'Module 11 - GMP'!$C:$C,"C") / (COUNTIFS('Module 11 - GMP'!$B:$B,"Allergen management",'Module 11 - GMP'!$C:$C,"<>",'Module 11 - GMP'!$C:$C,"<>N/A")),0) -> 0 | K57: =COUNTIFS('Module 11 - GMP'!$B:$B,"Allergen management",'Module 11 - GMP'!$C:$C,"MIN")+COUNTIFS('Module 11 - GMP'!$B:$B,"Allergen management",'Module 11 - GMP'!$C:$C,"MAJ")+COUNTIFS('Module 11 - GMP'!$B:$B,"Allergen management",'Module 11 - GMP'!$C:$C,"CRIT") -> 0
I58: Chemical control | J58: =IFERROR(COUNTIFS('Module 11 - GMP'!$B:$B,"Chemical control",'Module 11 - GMP'!$C:$C,"C") / (COUNTIFS('Module 11 - GMP'!$B:$B,"Chemical control",'Module 11 - GMP'!$C:$C,"<>",'Module 11 - GMP'!$C:$C,"<>N/A")),0) -> 0 | K58: =COUNTIFS('Module 11 - GMP'!$B:$B,"Chemical control",'Module 11 - GMP'!$C:$C,"MIN")+COUNTIFS('Module 11 - GMP'!$B:$B,"Chemical control",'Module 11 - GMP'!$C:$C,"MAJ")+COUNTIFS('Module 11 - GMP'!$B:$B,"Chemical control",'Module 11 - GMP'!$C:$C,"CRIT") -> 0
I59: Waste management | J59: =IFERROR(COUNTIFS('Module 11 - GMP'!$B:$B,"Waste management",'Module 11 - GMP'!$C:$C,"C") / (COUNTIFS('Module 11 - GMP'!$B:$B,"Waste management",'Module 11 - GMP'!$C:$C,"<>",'Module 11 - GMP'!$C:$C,"<>N/A")),0) -> 0 | K59: =COUNTIFS('Module 11 - GMP'!$B:$B,"Waste management",'Module 11 - GMP'!$C:$C,"MIN")+COUNTIFS('Module 11 - GMP'!$B:$B,"Waste management",'Module 11 - GMP'!$C:$C,"MAJ")+COUNTIFS('Module 11 - GMP'!$B:$B,"Waste management",'Module 11 - GMP'!$C:$C,"CRIT") -> 0
I60: Rework | J60: =IFERROR(COUNTIFS('Module 11 - GMP'!$B:$B,"Rework",'Module 11 - GMP'!$C:$C,"C") / (COUNTIFS('Module 11 - GMP'!$B:$B,"Rework",'Module 11 - GMP'!$C:$C,"<>",'Module 11 - GMP'!$C:$C,"<>N/A")),0) -> 0 | K60: =COUNTIFS('Module 11 - GMP'!$B:$B,"Rework",'Module 11 - GMP'!$C:$C,"MIN")+COUNTIFS('Module 11 - GMP'!$B:$B,"Rework",'Module 11 - GMP'!$C:$C,"MAJ")+COUNTIFS('Module 11 - GMP'!$B:$B,"Rework",'Module 11 - GMP'!$C:$C,"CRIT") -> 0
I61: Storage & transport | J61: =IFERROR(COUNTIFS('Module 11 - GMP'!$B:$B,"Storage & transport",'Module 11 - GMP'!$C:$C,"C") / (COUNTIFS('Module 11 - GMP'!$B:$B,"Storage & transport",'Module 11 - GMP'!$C:$C,"<>",'Module 11 - GMP'!$C:$C,"<>N/A")),0) -> 0 | K61: =COUNTIFS('Module 11 - GMP'!$B:$B,"Storage & transport",'Module 11 - GMP'!$C:$C,"MIN")+COUNTIFS('Module 11 - GMP'!$B:$B,"Storage & transport",'Module 11 - GMP'!$C:$C,"MAJ")+COUNTIFS('Module 11 - GMP'!$B:$B,"Storage & transport",'Module 11 - GMP'!$C:$C,"CRIT") -> 0
I62: Product release | J62: =IFERROR(COUNTIFS('Module 11 - GMP'!$B:$B,"Product release",'Module 11 - GMP'!$C:$C,"C") / (COUNTIFS('Module 11 - GMP'!$B:$B,"Product release",'Module 11 - GMP'!$C:$C,"<>",'Module 11 - GMP'!$C:$C,"<>N/A")),0) -> 0 | K62: =COUNTIFS('Module 11 - GMP'!$B:$B,"Product release",'Module 11 - GMP'!$C:$C,"MIN")+COUNTIFS('Module 11 - GMP'!$B:$B,"Product release",'Module 11 - GMP'!$C:$C,"MAJ")+COUNTIFS('Module 11 - GMP'!$B:$B,"Product release",'Module 11 - GMP'!$C:$C,"CRIT") -> 0
I63: Labeling & verification | J63: =IFERROR(COUNTIFS('Module 11 - GMP'!$B:$B,"Labeling & verification",'Module 11 - GMP'!$C:$C,"C") / (COUNTIFS('Module 11 - GMP'!$B:$B,"Labeling & verification",'Module 11 - GMP'!$C:$C,"<>",'Module 11 - GMP'!$C:$C,"<>N/A")),0) -> 0 | K63: =COUNTIFS('Module 11 - GMP'!$B:$B,"Labeling & verification",'Module 11 - GMP'!$C:$C,"MIN")+COUNTIFS('Module 11 - GMP'!$B:$B,"Labeling & verification",'Module 11 - GMP'!$C:$C,"MAJ")+COUNTIFS('Module 11 - GMP'!$B:$B,"Labeling & verification",'Module 11 - GMP'!$C:$C,"CRIT") -> 0
I64: Environmental monitoring | J64: =IFERROR(COUNTIFS('Module 11 - GMP'!$B:$B,"Environmental monitoring",'Module 11 - GMP'!$C:$C,"C") / (COUNTIFS('Module 11 - GMP'!$B:$B,"Environmental monitoring",'Module 11 - GMP'!$C:$C,"<>",'Module 11 - GMP'!$C:$C,"<>N/A")),0) -> 0 | K64: =COUNTIFS('Module 11 - GMP'!$B:$B,"Environmental monitoring",'Module 11 - GMP'!$C:$C,"MIN")+COUNTIFS('Module 11 - GMP'!$B:$B,"Environmental monitoring",'Module 11 - GMP'!$C:$C,"MAJ")+COUNTIFS('Module 11 - GMP'!$B:$B,"Environmental monitoring",'Module 11 - GMP'!$C:$C,"CRIT") -> 0

Sheet Module 2 - System
A1: Clause | B1: Section | C1: Requirement | D1: Status | E1: Evidence Type | F1: Observations | G1: Root Cause
A2: 2.1.1.1 | B2: 2.1 Management Commitment | C2: Senior management commitment | D2: N/A
A3: 2.1.1.2 | B3: 2.1 Management Commitment | C3: Food safety policy | D3: N/A
A4: 2.1.1.3 | B4: 2.1 Management Commitment | C4: Org responsibilities | D4: N/A
A5: 2.1.1.4 | B5: 2.1 Management Commitment | C5: SQF practitioner | D5: N/A
A6: 2.2.1.1 | B6: 2.2 Document Control & Records | C6: Document control | D6: N/A
A7: 2.2.1.2 | B7: 2.2 Document Control & Records | C7: Version control | D7: N/A
A8: 2.2.2.1 | B8: 2.2 Document Control & Records | C8: Record control | D8: N/A
A9: 2.2.2.2 | B9: 2.2 Document Control & Records | C9: Record retention | D9: N/A
A10: 2.3.1.1 | B10: 2.3 Specifications & Supplier Management | C10: Specifications | D10: N/A
A11: 2.3.2.1 | B11: 2.3 Specifications & Supplier Management | C11: Supplier approval | D11: N/A
A12: 2.3.2.2 | B12: 2.3 Specifications & Supplier Management | C12: Supplier verification | D12: N/A
A13: 2.3.2.3 | B13: 2.3 Specifications & Supplier Management | C13: Supplier risk | D13: N/A
... A18: 2.4.3.3 | B18: 2.4 Food Safety System (HACCP) | C18: CCPs | D18: N/A
A19: 2.4.3.4 | B19: 2.4 Food Safety System (HACCP) | C19: Monitoring | D19: N/A | J19: Click to watch Demo Video (60 seconds)
A20: 2.4.3.5 | B20: 2.4 Food Safety System (HACCP) | C20: Corrective actions | D20: N/A | J20: Schedule a 1 on demo here: Schedule on Calendly
A21: 2.4.3.6 | B21: 2.4 Food Safety System (HACCP) | C21: Verification/validation | D21: N/A
A22: 2.5.1.1 | B22: 2.5 Verification, Validation & Improvement | C22: Verification program | D22: N/A
A23: 2.5.1.2 | B23: 2.5 Verification, Validation & Improvement | C23: Validation | D23: N/A
A24: 2.5.4.1 | B24: 2.5 Verification, Validation & Improvement | C24: Internal audits | D24: N/A
A25: 2.5.4.2 | B25: 2.5 Verification, Validation & Improvement | C25: Full coverage | D25: N/A
A26: 2.5.5.1 | B26: 2.5 Verification, Validation & Improvement | C26: Management review | D26: N/A
A27: 2.6.1.1 | B27: 2.6 Traceability & Recall | C27: Traceability | D27: N/A
A28: 2.6.1.2 | B28: 2.6 Traceability & Recall | C28: 4-hour trace | D28: N/A
A29: 2.6.2.1 | B29: 2.6 Traceability & Recall | C29: Recall procedure | D29: N/A
A30: 2.6.2.2 | B30: 2.6 Traceability & Recall | C30: Mock recall | D30: N/A
A31: 2.7.1.1 | B31: 2.7 Customer Complaints & CAPA | C31: Complaints procedure | D31: N/A
A32: 2.7.2.1 | B32: 2.7 Customer Complaints & CAPA | C32: Complaint trending | D32: N/A
... A40: 2.9.2.2 | B40: 2.9 Training | C40: Training effectiveness | D40: N/A

Sheet Module 11 - GMP
A1: Clause | B1: GMP Area | C1: Status | D1: Evidence Type | E1: Observations | F1: Root Cause
A2: 11.1 | B2: Site & premises
A3: 11.2 | B3: Personnel hygiene
A4: 11.3 | B4: Water / Air / Ice
A5: 11.4 | B5: Cleaning & sanitation
A6: 11.5 | B6: Pest control
A7: 11.6 | B7: Equipment & maintenance
A8: 11.7 | B8: Calibration
A9: 11.8 | B9: Glass & brittle plastics
A10: 11.9 | B10: Foreign material control
A11: 11.10 | B11: Allergen management
A12: 11.11 | B12: Chemical control
A13: 11.12 | B13: Waste management
... A16: 11.15 | B16: Product release
A17: 11.16 | B17: Labeling & verification | I17: Click to watch Demo Video (60 seconds)
A18: 11.17 | B18: Environmental monitoring | I18: Schedule a 1 on demo here: Schedule on Calendly

Sheet Non-Conformance Log
A1: Clause | B1: Description | C1: Severity | D1: Root Cause | E1: Containment | F1: CAPA Ref
I17: Click to watch Demo Video (60 seconds)
I18: Schedule a 1 on demo here: Schedule on Calendly

Sheet (EXAMPLE) Audit Info
A1: Field | B1: Value
A2: Facility Name | B2: Blue Ridge Foods, Inc. – Chattanooga Plant
A3: Site Address | B3: 4100 Industrial Park Dr, Chattanooga, TN 37416
A4: SQF Site Code | B4: BRF-CHA-041
A5: Food Sector Category | B5: Food Manufacturing (FSC 12 – Low Acid Canned Foods, Mixed)
A6: SQF Edition | B6: Edition 9
A7: Modules Audited | B7: Module 2 (System Elements), Module 11 (GMPs)
A8: Audit Type | B8: Internal
A9: Audit Dates | B9: 2026-01-08 to 2026-01-09
A10: Auditor | B10: J. Carter (Internal Lead Auditor)
A11: Auditees | B11: S. Nguyen (SQF Practitioner), Ops Supervisors, Sanitation Lead
A12: Shifts Covered | B12: 1st / 2nd
... A14: Products Audited | B14: Ready-to-eat meal kits; cooked proteins; sauce packets

Sheet (EXAMPLE) Dashboard
A3: SQF Internal Audit Dashboard Example
L30: Click to watch Demo Video (60 seconds)
L31: Schedule a 1 on demo here: Schedule on Calendly
A44: SQF Internal Audit Dashboard (Dynamic)
A46: Overall Status Distribution | B46: Column 1 | D46: Module 2 Compliance by Section (% C of (C+NC)) | E46: Column 1 | F46: Column 2 | H46: Module 11 GMP Compliance by Area (% C of (C+NC)) | I46: Column 1 | J46: Column 2
A47: Status | B47: Count | D47: Section | E47: % Compliant | F47: NC Count | H47: GMP Area | I47: % Compliant | J47: NC Count
A48: C | B48: =COUNTIF('(EXAMPLE) Module 2 - System'!$D:$D,"C") + COUNTIF('(EXAMPLE) Module 11 - GMP'!$C:$C,"C") -> 32 | D48: 2.1 Management Commitment | E48: =IFERROR(COUNTIFS('(EXAMPLE) Module 2 - System'!$B:$B,"2.1 Management Commitment",'(EXAMPLE) Module 2 - System'!$D:$D,"C") / (COUNTIFS('(EXAMPLE) Module 2 - System'!$B:$B,"2.1 Management Commitment",'(EXAMPLE) Module 2 - System'!$D:$D,"<>",'(EXAMPLE) Module 2 - System'!$D:$D,"<>N/A")),0) -> 0.75 | F48: =COUNTIFS('(EXAMPLE) Module 2 - System'!$B:$B,"2.1 Management Commitment",'(EXAMPLE) Module 2 - System'!$D:$D,"MIN")+COUNTIFS('(EXAMPLE) Module 2 - System'!$B:$B,"2.1 Management Commitment",'(EXAMPLE) Module 2 - System'!$D:$D,"MAJ")+COUNTIFS('(EXAMPLE) Module 2 - System'!$B:$B,"2.1 Management Commitment",'(EXAMPLE) Module 2 - System'!$D:$D,"CRIT") -> 1 | H48: Site & premises | I48: =IFERROR(COUNTIFS('(EXAMPLE) Module 11 - GMP'!$B:$B,"Site & premises",'(EXAMPLE) Module 11 - GMP'!$C:$C,"C") / (COUNTIFS('(EXAMPLE) Module 11 - GMP'!$B:$B,"Site & premises",'(EXAMPLE) Module 11 - GMP'!$C:$C,"<>",'(EXAMPLE) Module 11 - GMP'!$C:$C,"<>N/A")),0) -> 0 | J48: =COUNTIFS('(EXAMPLE) Module 11 - GMP'!$B:$B,"Site & premises",'(EXAMPLE) Module 11 - GMP'!$C:$C,"MIN")+COUNTIFS('(EXAMPLE) Module 11 - GMP'!$B:$B,"Site & premises",'(EXAMPLE) Module 11 - GMP'!$C:$C,"MAJ")+COUNTIFS('(EXAMPLE) Module 11 - GMP'!$B:$B,"Site & premises",'(EXAMPLE) Module 11 - GMP'!$C:$C,"CRIT") -> 1
A49: MIN | B49: =COUNTIF('(EXAMPLE) Module 2 - System'!$D:$D,"MIN") + COUNTIF('(EXAMPLE) Module 11 - GMP'!$C:$C,"MIN") -> 13 | D49: 2.2 Document Control & Records | E49: =IFERROR(COUNTIFS('(EXAMPLE) Module 2 - System'!$B:$B,"2.2 Document Control & Records",'(EXAMPLE) Module 2 - System'!$D:$D,"C") / (COUNTIFS('(EXAMPLE) Module 2 - System'!$B:$B,"2.2 Document Control & Records",'(EXAMPLE) Module 2 - System'!$D:$D,"<>",'(EXAMPLE) Module 2 - System'!$D:$D,"<>N/A")),0) -> 0.75 | F49: =COUNTIFS('(EXAMPLE) Module 2 - System'!$B:$B,"2.2 Document Control & Records",'(EXAMPLE) Module 2 - System'!$D:$D,"MIN")+COUNTIFS('(EXAMPLE) Module 2 - System'!$B:$B,"2.2 Document Control & Records",'(EXAMPLE) Module 2 - System'!$D:$D,"MAJ")+COUNTIFS('(EXAMPLE) Module 2 - System'!$B:$B,"2.2 Document Control & Records",'(EXAMPLE) Module 2 - System'!$D:$D,"CRIT") -> 1 | H49: Personnel hygiene | I49: =IFERROR(COUNTIFS('(EXAMPLE) Module 11 - GMP'!$B:$B,"Personnel hygiene",'(EXAMPLE) Module 11 - GMP'!$C:$C,"C") / (COUNTIFS('(EXAMPLE) Module 11 - GMP'!$B:$B,"Personnel hygiene",'(EXAMPLE) Module 11 - GMP'!$C:$C,"<>",'(EXAMPLE) Module 11 - GMP'!$C:$C,"<>N/A")),0) -> 1 | J49: =COUNTIFS('(EXAMPLE) Module 11 - GMP'!$B:$B,"Personnel hygiene",'(EXAMPLE) Module 11 - GMP'!$C:$C,"MIN")+COUNTIFS('(EXAMPLE) Module 11 - GMP'!$B:$B,"Personnel hygiene",'(EXAMPLE) Module 11 - GMP'!$C:$C,"MAJ")+COUNTIFS('(EXAMPLE) Module 11 - GMP'!$B:$B,"Personnel hygiene",'(EXAMPLE) Module 11 - GMP'!$C:$C,"CRIT") -> 0
A50: MAJ | B50: =COUNTIF('(EXAMPLE) Module 2 - System'!$D:$D,"MAJ") + COUNTIF('(EXAMPLE) Module 11 - GMP'!$C:$C,"MAJ") -> 10 | D50: 2.3 Specifications & Supplier Management | E50: =IFERROR(COUNTIFS('(EXAMPLE) Module 2 - System'!$B:$B,"2.3 Specifications & Supplier Management",'(EXAMPLE) Module 2 - System'!$D:$D,"C") / (COUNTIFS('(EXAMPLE) Module 2 - System'!$B:$B,"2.3 Specifications & Supplier Management",'(EXAMPLE) Module 2 - System'!$D:$D,"<>",'(EXAMPLE) Module 2 - System'!$D:$D,"<>N/A")),0) -> 0.33333333 | F50: =COUNTIFS('(EXAMPLE) Module 2 - System'!$B:$B,"2.3 Specifications & Supplier Management",'(EXAMPLE) Module 2 - System'!$D:$D,"MIN")+COUNTIFS('(EXAMPLE) Module 2 - System'!$B:$B,"2.3 Specifications & Supplier Management",'(EXAMPLE) Module 2 - System'!$D:$D,"MAJ")+COUNTIFS('(EXAMPLE) Module 2 - System'!$B:$B,"2.3 Specifications & Supplier Management",'(EXAMPLE) Module 2 - System'!$D:$D,"CRIT") -> 2 | H50: Water / Air / Ice | I50: =IFERROR(COUNTIFS('(EXAMPLE) Module 11 - GMP'!$B:$B,"Water / Air / Ice",'(EXAMPLE) Module 11 - GMP'!$C:$C,"C") / (COUNTIFS('(EXAMPLE) Module 11 - GMP'!$B:$B,"Water / Air / Ice",'(EXAMPLE) Module 11 - GMP'!$C:$C,"<>",'(EXAMPLE) Module 11 - GMP'!$C:$C,"<>N/A")),0) -> 0 | J50: =COUNTIFS('(EXAMPLE) Module 11 - GMP'!$B:$B,"Water / Air / Ice",'(EXAMPLE) Module 11 - GMP'!$C:$C,"MIN")+COUNTIFS('(EXAMPLE) Module 11 - GMP'!$B:$B,"Water / Air / Ice",'(EXAMPLE) Module 11 - GMP'!$C:$C,"MAJ")+COUNTIFS('(EXAMPLE) Module 11 - GMP'!$B:$B,"Water / Air / Ice",'(EXAMPLE) Module 11 - GMP'!$C:$C,"CRIT") -> 1
A51: CRIT | B51: =COUNTIF('(EXAMPLE) Module 2 - System'!$D:$D,"CRIT") + COUNTIF('(EXAMPLE) Module 11 - GMP'!$C:$C,"CRIT") -> 0 | D51: 2.4 Food Safety System (HACCP) | E51: =IFERROR(COUNTIFS('(EXAMPLE) Module 2 - System'!$B:$B,"2.4 Food Safety System (HACCP)",'(EXAMPLE) Module 2 - System'!$D:$D,"C") / (COUNTIFS('(EXAMPLE) Module 2 - System'!$B:$B,"2.4 Food Safety System (HACCP)",'(EXAMPLE) Module 2 - System'!$D:$D,"<>",'(EXAMPLE) Module 2 - System'!$D:$D,"<>N/A")),0) -> 0.75 | F51: =COUNTIFS('(EXAMPLE) Module 2 - System'!$B:$B,"2.4 Food Safety System (HACCP)",'(EXAMPLE) Module 2 - System'!$D:$D,"MIN")+COUNTIFS('(EXAMPLE) Module 2 - System'!$B:$B,"2.4 Food Safety System (HACCP)",'(EXAMPLE) Module 2 - System'!$D:$D,"MAJ")+COUNTIFS('(EXAMPLE) Module 2 - System'!$B:$B,"2.4 Food Safety System (HACCP)",'(EXAMPLE) Module 2 - System'!$D:$D,"CRIT") -> 2 | H51: Cleaning & sanitation | I51: =IFERROR(COUNTIFS('(EXAMPLE) Module 11 - GMP'!$B:$B,"Cleaning & sanitation",'(EXAMPLE) Module 11 - GMP'!$C:$C,"C") / (COUNTIFS('(EXAMPLE) Module 11 - GMP'!$B:$B,"Cleaning & sanitation",'(EXAMPLE) Module 11 - GMP'!$C:$C,"<>",'(EXAMPLE) Module 11 - GMP'!$C:$C,"<>N/A")),0) -> 0 | J51: =COUNTIFS('(EXAMPLE) Module 11 - GMP'!$B:$B,"Cleaning & sanitation",'(EXAMPLE) Module 11 - GMP'!$C:$C,"MIN")+COUNTIFS('(EXAMPLE) Module 11 - GMP'!$B:$B,"Cleaning & sanitation",'(EXAMPLE) Module 11 - GMP'!$C:$C,"MAJ")+COUNTIFS('(EXAMPLE) Module 11 - GMP'!$B:$B,"Cleaning & sanitation",'(EXAMPLE) Module 11 - GMP'!$C:$C,"CRIT") -> 1
A52: N/A | B52: =COUNTIF('(EXAMPLE) Module 2 - System'!$D:$D,"N/A") + COUNTIF('(EXAMPLE) Module 11 - GMP'!$C:$C,"N/A") -> 1 | D52: 2.5 Verification, Validation & Improvement | E52: =IFERROR(COUNTIFS('(EXAMPLE) Module 2 - System'!$B:$B,"2.5 Verification, Validation & Improvement",'(EXAMPLE) Module 2 - System'!$D:$D,"C") / (COUNTIFS('(EXAMPLE) Module 2 - System'!$B:$B,"2.5 Verification, Validation & Improvement",'(EXAMPLE) Module 2 - System'!$D:$D,"<>",'(EXAMPLE) Module 2 - System'!$D:$D,"<>N/A")),0) -> 1 | F52: =COUNTIFS('(EXAMPLE) Module 2 - System'!$B:$B,"2.5 Verification, Validation & Improvement",'(EXAMPLE) Module 2 - System'!$D:$D,"MIN")+COUNTIFS('(EXAMPLE) Module 2 - System'!$B:$B,"2.5 Verification, Validation & Improvement",'(EXAMPLE) Module 2 - System'!$D:$D,"MAJ")+COUNTIFS('(EXAMPLE) Module 2 - System'!$B:$B,"2.5 Verification, Validation & Improvement",'(EXAMPLE) Module 2 - System'!$D:$D,"CRIT") -> 0 | H52: Pest control | I52: =IFERROR(COUNTIFS('(EXAMPLE) Module 11 - GMP'!$B:$B,"Pest control",'(EXAMPLE) Module 11 - GMP'!$C:$C,"C") / (COUNTIFS('(EXAMPLE) Module 11 - GMP'!$B:$B,"Pest control",'(EXAMPLE) Module 11 - GMP'!$C:$C,"<>",'(EXAMPLE) Module 11 - GMP'!$C:$C,"<>N/A")),0) -> 0 | J52: =COUNTIFS('(EXAMPLE) Module 11 - GMP'!$B:$B,"Pest control",'(EXAMPLE) Module 11 - GMP'!$C:$C,"MIN")+COUNTIFS('(EXAMPLE) Module 11 - GMP'!$B:$B,"Pest control",'(EXAMPLE) Module 11 - GMP'!$C:$C,"MAJ")+COUNTIFS('(EXAMPLE) Module 11 - GMP'!$B:$B,"Pest control",'(EXAMPLE) Module 11 - GMP'!$C:$C,"CRIT") -> 1
D53: 2.6 Traceability & Recall | E53: =IFERROR(COUNTIFS('(EXAMPLE) Module 2 - System'!$B:$B,"2.6 Traceability & Recall",'(EXAMPLE) Module 2 - System'!$D:$D,"C") / (COUNTIFS('(EXAMPLE) Module 2 - System'!$B:$B,"2.6 Traceability & Recall",'(EXAMPLE) Module 2 - System'!$D:$D,"<>",'(EXAMPLE) Module 2 - System'!$D:$D,"<>N/A")),0) -> 0.25 | F53: =COUNTIFS('(EXAMPLE) Module 2 - System'!$B:$B,"2.6 Traceability & Recall",'(EXAMPLE) Module 2 - System'!$D:$D,"MIN")+COUNTIFS('(EXAMPLE) Module 2 - System'!$B:$B,"2.6 Traceability & Recall",'(EXAMPLE) Module 2 - System'!$D:$D,"MAJ")+COUNTIFS('(EXAMPLE) Module 2 - System'!$B:$B,"2.6 Traceability & Recall",'(EXAMPLE) Module 2 - System'!$D:$D,"CRIT") -> 3 | H53: Equipment & maintenance | I53: =IFERROR(COUNTIFS('(EXAMPLE) Module 11 - GMP'!$B:$B,"Equipment & maintenance",'(EXAMPLE) Module 11 - GMP'!$C:$C,"C") / (COUNTIFS('(EXAMPLE) Module 11 - GMP'!$B:$B,"Equipment & maintenance",'(EXAMPLE) Module 11 - GMP'!$C:$C,"<>",'(EXAMPLE) Module 11 - GMP'!$C:$C,"<>N/A")),0) -> 1 | J53: =COUNTIFS('(EXAMPLE) Module 11 - GMP'!$B:$B,"Equipment & maintenance",'(EXAMPLE) Module 11 - GMP'!$C:$C,"MIN")+COUNTIFS('(EXAMPLE) Module 11 - GMP'!$B:$B,"Equipment & maintenance",'(EXAMPLE) Module 11 - GMP'!$C:$C,"MAJ")+COUNTIFS('(EXAMPLE) Module 11 - GMP'!$B:$B,"Equipment & maintenance",'(EXAMPLE) Module 11 - GMP'!$C:$C,"CRIT") -> 0
A54: Total Items Audited (non-blank status) | B54: =COUNTIF('(EXAMPLE) Module 2 - System'!$D:$D,"<>") + COUNTIF('(EXAMPLE) Module 11 - GMP'!$C:$C,"<>") -> 58 | D54: 2.7 Customer Complaints & CAPA | E54: =IFERROR(COUNTIFS('(EXAMPLE) Module 2 - System'!$B:$B,"2.7 Customer Complaints & CAPA",'(EXAMPLE) Module 2 - System'!$D:$D,"C") / (COUNTIFS('(EXAMPLE) Module 2 - System'!$B:$B,"2.7 Customer Complaints & CAPA",'(EXAMPLE) Module 2 - System'!$D:$D,"<>",'(EXAMPLE) Module 2 - System'!$D:$D,"<>N/A")),0) -> 0.66666667 | F54: =COUNTIFS('(EXAMPLE) Module 2 - System'!$B:$B,"2.7 Customer Complaints & CAPA",'(EXAMPLE) Module 2 - System'!$D:$D,"MIN")+COUNTIFS('(EXAMPLE) Module 2 - System'!$B:$B,"2.7 Customer Complaints & CAPA",'(EXAMPLE) Module 2 - System'!$D:$D,"MAJ")+COUNTIFS('(EXAMPLE) Module 2 - System'!$B:$B,"2.7 Customer Complaints & CAPA",'(EXAMPLE) Module 2 - System'!$D:$D,"CRIT") -> 1 | H54: Calibration | I54: =IFERROR(COUNTIFS('(EXAMPLE) Module 11 - GMP'!$B:$B,"Calibration",'(EXAMPLE) Module 11 - GMP'!$C:$C,"C") / (COUNTIFS('(EXAMPLE) Module 11 - GMP'!$B:$B,"Calibration",'(EXAMPLE) Module 11 - GMP'!$C:$C,"<>",'(EXAMPLE) Module 11 - GMP'!$C:$C,"<>N/A")),0) -> 0 | J54: =COUNTIFS('(EXAMPLE) Module 11 - GMP'!$B:$B,"Calibration",'(EXAMPLE) Module 11 - GMP'!$C:$C,"MIN")+COUNTIFS('(EXAMPLE) Module 11 - GMP'!$B:$B,"Calibration",'(EXAMPLE) Module 11 - GMP'!$C:$C,"MAJ")+COUNTIFS('(EXAMPLE) Module 11 - GMP'!$B:$B,"Calibration",'(EXAMPLE) Module 11 - GMP'!$C:$C,"CRIT") -> 1
A55: % Compliant (C / (C+NC)) | B55: =IFERROR(B48/(B48+B49+B50+B51),0) -> 0.58181818 | D55: 2.8 Food Defense & Food Fraud | E55: =IFERROR(COUNTIFS('(EXAMPLE) Module 2 - System'!$B:$B,"2.8 Food Defense & Food Fraud",'(EXAMPLE) Module 2 - System'!$D:$D,"C") / (COUNTIFS('(EXAMPLE) Module 2 - System'!$B:$B,"2.8 Food Defense & Food Fraud",'(EXAMPLE) Module 2 - System'!$D:$D,"<>",'(EXAMPLE) Module 2 - System'!$D:$D,"<>N/A")),0) -> 0.75 | F55: =COUNTIFS('(EXAMPLE) Module 2 - System'!$B:$B,"2.8 Food Defense & Food Fraud",'(EXAMPLE) Module 2 - System'!$D:$D,"MIN")+COUNTIFS('(EXAMPLE) Module 2 - System'!$B:$B,"2.8 Food Defense & Food Fraud",'(EXAMPLE) Module 2 - System'!$D:$D,"MAJ")+COUNTIFS('(EXAMPLE) Module 2 - System'!$B:$B,"2.8 Food Defense & Food Fraud",'(EXAMPLE) Module 2 - System'!$D:$D,"CRIT") -> 1 | H55: Glass & brittle plastics | I55: =IFERROR(COUNTIFS('(EXAMPLE) Module 11 - GMP'!$B:$B,"Glass & brittle plastics",'(EXAMPLE) Module 11 - GMP'!$C:$C,"C") / (COUNTIFS('(EXAMPLE) Module 11 - GMP'!$B:$B,"Glass & brittle plastics",'(EXAMPLE) Module 11 - GMP'!$C:$C,"<>",'(EXAMPLE) Module 11 - GMP'!$C:$C,"<>N/A")),0) -> 0 | J55: =COUNTIFS('(EXAMPLE) Module 11 - GMP'!$B:$B,"Glass & brittle plastics",'(EXAMPLE) Module 11 - GMP'!$C:$C,"MIN")+COUNTIFS('(EXAMPLE) Module 11 - GMP'!$B:$B,"Glass & brittle plastics",'(EXAMPLE) Module 11 - GMP'!$C:$C,"MAJ")+COUNTIFS('(EXAMPLE) Module 11 - GMP'!$B:$B,"Glass & brittle plastics",'(EXAMPLE) Module 11 - GMP'!$C:$C,"CRIT") -> 1
D56: 2.9 Training | E56: =IFERROR(COUNTIFS('(EXAMPLE) Module 2 - System'!$B:$B,"2.9 Training",'(EXAMPLE) Module 2 - System'!$D:$D,"C") / (COUNTIFS('(EXAMPLE) Module 2 - System'!$B:$B,"2.9 Training",'(EXAMPLE) Module 2 - System'!$D:$D,"<>",'(EXAMPLE) Module 2 - System'!$D:$D,"<>N/A")),0) -> 0.66666667 | F56: =COUNTIFS('(EXAMPLE) Module 2 - System'!$B:$B,"2.9 Training",'(EXAMPLE) Module 2 - System'!$D:$D,"MIN")+COUNTIFS('(EXAMPLE) Module 2 - System'!$B:$B,"2.9 Training",'(EXAMPLE) Module 2 - System'!$D:$D,"MAJ")+COUNTIFS('(EXAMPLE) Module 2 - System'!$B:$B,"2.9 Training",'(EXAMPLE) Module 2 - System'!$D:$D,"CRIT") -> 1 | H56: Foreign material control | I56: =IFERROR(COUNTIFS('(EXAMPLE) Module 11 - GMP'!$B:$B,"Foreign material control",'(EXAMPLE) Module 11 - GMP'!$C:$C,"C") / (COUNTIFS('(EXAMPLE) Module 11 - GMP'!$B:$B,"Foreign material control",'(EXAMPLE) Module 11 - GMP'!$C:$C,"<>",'(EXAMPLE) Module 11 - GMP'!$C:$C,"<>N/A")),0) -> 0 | J56: =COUNTIFS('(EXAMPLE) Module 11 - GMP'!$B:$B,"Foreign material control",'(EXAMPLE) Module 11 - GMP'!$C:$C,"MIN")+COUNTIFS('(EXAMPLE) Module 11 - GMP'!$B:$B,"Foreign material control",'(EXAMPLE) Module 11 - GMP'!$C:$C,"MAJ")+COUNTIFS('(EXAMPLE) Module 11 - GMP'!$B:$B,"Foreign material control",'(EXAMPLE) Module 11 - GMP'!$C:$C,"CRIT") -> 1
A57: Non-Conformances (MIN+MAJ+CRIT) | B57: =B49+B50+B51 -> 23 | H57: Allergen management | I57: =IFERROR(COUNTIFS('(EXAMPLE) Module 11 - GMP'!$B:$B,"Allergen management",'(EXAMPLE) Module 11 - GMP'!$C:$C,"C") / (COUNTIFS('(EXAMPLE) Module 11 - GMP'!$B:$B,"Allergen management",'(EXAMPLE) Module 11 - GMP'!$C:$C,"<>",'(EXAMPLE) Module 11 - GMP'!$C:$C,"<>N/A")),0) -> 0 | J57: =COUNTIFS('(EXAMPLE) Module 11 - GMP'!$B:$B,"Allergen management",'(EXAMPLE) Module 11 - GMP'!$C:$C,"MIN")+COUNTIFS('(EXAMPLE) Module 11 - GMP'!$B:$B,"Allergen management",'(EXAMPLE) Module 11 - GMP'!$C:$C,"MAJ")+COUNTIFS('(EXAMPLE) Module 11 - GMP'!$B:$B,"Allergen management",'(EXAMPLE) Module 11 - GMP'!$C:$C,"CRIT") -> 1
H58: Chemical control | I58: =IFERROR(COUNTIFS('(EXAMPLE) Module 11 - GMP'!$B:$B,"Chemical control",'(EXAMPLE) Module 11 - GMP'!$C:$C,"C") / (COUNTIFS('(EXAMPLE) Module 11 - GMP'!$B:$B,"Chemical control",'(EXAMPLE) Module 11 - GMP'!$C:$C,"<>",'(EXAMPLE) Module 11 - GMP'!$C:$C,"<>N/A")),0) -> 0 | J58: =COUNTIFS('(EXAMPLE) Module 11 - GMP'!$B:$B,"Chemical control",'(EXAMPLE) Module 11 - GMP'!$C:$C,"MIN")+COUNTIFS('(EXAMPLE) Module 11 - GMP'!$B:$B,"Chemical control",'(EXAMPLE) Module 11 - GMP'!$C:$C,"MAJ")+COUNTIFS('(EXAMPLE) Module 11 - GMP'!$B:$B,"Chemical control",'(EXAMPLE) Module 11 - GMP'!$C:$C,"CRIT") -> 1
H59: Waste management | I59: =IFERROR(COUNTIFS('(EXAMPLE) Module 11 - GMP'!$B:$B,"Waste management",'(EXAMPLE) Module 11 - GMP'!$C:$C,"C") / (COUNTIFS('(EXAMPLE) Module 11 - GMP'!$B:$B,"Waste management",'(EXAMPLE) Module 11 - GMP'!$C:$C,"<>",'(EXAMPLE) Module 11 - GMP'!$C:$C,"<>N/A")),0) -> 0 | J59: =COUNTIFS('(EXAMPLE) Module 11 - GMP'!$B:$B,"Waste management",'(EXAMPLE) Module 11 - GMP'!$C:$C,"MIN")+COUNTIFS('(EXAMPLE) Module 11 - GMP'!$B:$B,"Waste management",'(EXAMPLE) Module 11 - GMP'!$C:$C,"MAJ")+COUNTIFS('(EXAMPLE) Module 11 - GMP'!$B:$B,"Waste management",'(EXAMPLE) Module 11 - GMP'!$C:$C,"CRIT") -> 1
H60: Rework | I60: =IFERROR(COUNTIFS('(EXAMPLE) Module 11 - GMP'!$B:$B,"Rework",'(EXAMPLE) Module 11 - GMP'!$C:$C,"C") / (COUNTIFS('(EXAMPLE) Module 11 - GMP'!$B:$B,"Rework",'(EXAMPLE) Module 11 - GMP'!$C:$C,"<>",'(EXAMPLE) Module 11 - GMP'!$C:$C,"<>N/A")),0) -> 1 | J60: =COUNTIFS('(EXAMPLE) Module 11 - GMP'!$B:$B,"Rework",'(EXAMPLE) Module 11 - GMP'!$C:$C,"MIN")+COUNTIFS('(EXAMPLE) Module 11 - GMP'!$B:$B,"Rework",'(EXAMPLE) Module 11 - GMP'!$C:$C,"MAJ")+COUNTIFS('(EXAMPLE) Module 11 - GMP'!$B:$B,"Rework",'(EXAMPLE) Module 11 - GMP'!$C:$C,"CRIT") -> 0
H61: Storage & transport | I61: =IFERROR(COUNTIFS('(EXAMPLE) Module 11 - GMP'!$B:$B,"Storage & transport",'(EXAMPLE) Module 11 - GMP'!$C:$C,"C") / (COUNTIFS('(EXAMPLE) Module 11 - GMP'!$B:$B,"Storage & transport",'(EXAMPLE) Module 11 - GMP'!$C:$C,"<>",'(EXAMPLE) Module 11 - GMP'!$C:$C,"<>N/A")),0) -> 1 | J61: =COUNTIFS('(EXAMPLE) Module 11 - GMP'!$B:$B,"Storage & transport",'(EXAMPLE) Module 11 - GMP'!$C:$C,"MIN")+COUNTIFS('(EXAMPLE) Module 11 - GMP'!$B:$B,"Storage & transport",'(EXAMPLE) Module 11 - GMP'!$C:$C,"MAJ")+COUNTIFS('(EXAMPLE) Module 11 - GMP'!$B:$B,"Storage & transport",'(EXAMPLE) Module 11 - GMP'!$C:$C,"CRIT") -> 0
H62: Product release | I62: =IFERROR(COUNTIFS('(EXAMPLE) Module 11 - GMP'!$B:$B,"Product release",'(EXAMPLE) Module 11 - GMP'!$C:$C,"C") / (COUNTIFS('(EXAMPLE) Module 11 - GMP'!$B:$B,"Product release",'(EXAMPLE) Module 11 - GMP'!$C:$C,"<>",'(EXAMPLE) Module 11 - GMP'!$C:$C,"<>N/A")),0) -> 1 | J62: =COUNTIFS('(EXAMPLE) Module 11 - GMP'!$B:$B,"Product release",'(EXAMPLE) Module 11 - GMP'!$C:$C,"MIN")+COUNTIFS('(EXAMPLE) Module 11 - GMP'!$B:$B,"Product release",'(EXAMPLE) Module 11 - GMP'!$C:$C,"MAJ")+COUNTIFS('(EXAMPLE) Module 11 - GMP'!$B:$B,"Product release",'(EXAMPLE) Module 11 - GMP'!$C:$C,"CRIT") -> 0
H63: Labeling & verification | I63: =IFERROR(COUNTIFS('(EXAMPLE) Module 11 - GMP'!$B:$B,"Labeling & verification",'(EXAMPLE) Module 11 - GMP'!$C:$C,"C") / (COUNTIFS('(EXAMPLE) Module 11 - GMP'!$B:$B,"Labeling & verification",'(EXAMPLE) Module 11 - GMP'!$C:$C,"<>",'(EXAMPLE) Module 11 - GMP'!$C:$C,"<>N/A")),0) -> 1 | J63: =COUNTIFS('(EXAMPLE) Module 11 - GMP'!$B:$B,"Labeling & verification",'(EXAMPLE) Module 11 - GMP'!$C:$C,"MIN")+COUNTIFS('(EXAMPLE) Module 11 - GMP'!$B:$B,"Labeling & verification",'(EXAMPLE) Module 11 - GMP'!$C:$C,"MAJ")+COUNTIFS('(EXAMPLE) Module 11 - GMP'!$B:$B,"Labeling & verification",'(EXAMPLE) Module 11 - GMP'!$C:$C,"CRIT") -> 0
H64: Environmental monitoring | I64: =IFERROR(COUNTIFS('(EXAMPLE) Module 11 - GMP'!$B:$B,"Environmental monitoring",'(EXAMPLE) Module 11 - GMP'!$C:$C,"C") / (COUNTIFS('(EXAMPLE) Module 11 - GMP'!$B:$B,"Environmental monitoring",'(EXAMPLE) Module 11 - GMP'!$C:$C,"<>",'(EXAMPLE) Module 11 - GMP'!$C:$C,"<>N/A")),0) -> 0 | J64: =COUNTIFS('(EXAMPLE) Module 11 - GMP'!$B:$B,"Environmental monitoring",'(EXAMPLE) Module 11 - GMP'!$C:$C,"MIN")+COUNTIFS('(EXAMPLE) Module 11 - GMP'!$B:$B,"Environmental monitoring",'(EXAMPLE) Module 11 - GMP'!$C:$C,"MAJ")+COUNTIFS('(EXAMPLE) Module 11 - GMP'!$B:$B,"Environmental monitoring",'(EXAMPLE) Module 11 - GMP'!$C:$C,"CRIT") -> 1

Sheet Claude Cache
A1: ⚠️ SHEET RESERVED FOR =CLAUDE... FUNCTIONS. DO NOT EDIT! ⚠️
A2: Key | B2: Value | C2: Expiration

Sheet (EXAMPLE) Scoring Legend
C3: Code | D3: Meaning
C4: C | D4: Compliant
C5: MIN | D5: Minor Non-Conformance (1 pt)
C6: MAJ | D6: Major Non-Conformance (5 pts)
C7: CRIT | D7: Critical Non-Conformance (50 pts)
C8: N/A | D8: Not Applicable

Sheet (EXAMPLE) Module 2 - System
A1: Clause | B1: Section | C1: Requirement | D1: Status | E1: Evidence Type | F1: Observations | G1: Root Cause
A2: 2.1.1.1 | B2: 2.1 Management Commitment | C2: Senior management commitment | D2: C | E2: R | F2: Documented and effectively implemented across sampled departments.
A3: 2.1.1.2 | B3: 2.1 Management Commitment | C3: Food safety policy | D3: C | E3: D | F3: Reviewed records; implementation consistent with documented procedure.
A4: 2.1.1.3 | B4: 2.1 Management Commitment | C4: Org responsibilities | D4: C | E4: R | F4: Documented and effectively implemented across sampled departments.
A5: 2.1.1.4 | B5: 2.1 Management Commitment | C5: SQF practitioner | D5: MAJ | E5: R | F5: Required verification not performed at defined frequency; corrective action needed. | G5: EQP
A6: 2.2.1.1 | B6: 2.2 Document Control & Records | C6: Document control | D6: C | E6: R | F6: Reviewed records; implementation consistent with documented procedure.
A7: 2.2.1.2 | B7: 2.2 Document Control & Records | C7: Version control | D7: C | E7: D | F7: Documented and effectively implemented across sampled departments.
A8: 2.2.2.1 | B8: 2.2 Document Control & Records | C8: Record control | D8: C | E8: D | F8: Documented and effectively implemented across sampled departments.
A9: 2.2.2.2 | B9: 2.2 Document Control & Records | C9: Record retention | D9: MAJ | E9: I | F9: System exists but not fully implemented; multiple sampled records missing or incomplete. | G9: EQP
A10: 2.3.1.1 | B10: 2.3 Specifications & Supplier Management | C10: Specifications | D10: N/A | E10: O | F10: Not applicable for site scope; justification documented. | G10: PRC
A11: 2.3.2.1 | B11: 2.3 Specifications & Supplier Management | C11: Supplier approval | D11: MIN | E11: O | F11: Implementation generally effective; one record missing signature/date in sample. | G11: PRC
A12: 2.3.2.2 | B12: 2.3 Specifications & Supplier Management | C12: Supplier verification | D12: C | E12: O | F12: Reviewed records; implementation consistent with documented procedure.
A13: 2.3.2.3 | B13: 2.3 Specifications & Supplier Management | C13: Supplier risk | D13: MIN | E13: R | F13: Supplier risk ratings exist; one supplier change not reflected in current risk register revision. | G13: PRC
A14: 2.4.1.1 | B14: 2.4 Food Safety System (HACCP) | C14: HACCP team | D14: C | E14: O | F14: Documented and effectively implemented across sampled departments.
A15: 2.4.2.1 | B15: 2.4 Food Safety System (HACCP) | C15: Product description | D15: C | E15: R | F15: Documented and effectively implemented across sampled departments.
A16: 2.4.3.1 | B16: 2.4 Food Safety System (HACCP) | C16: Flow diagram | D16: MIN | E16: R | F16: Implementation generally effective; one record missing signature/date in sample. | G16: PPL
A17: 2.4.3.2 | B17: 2.4 Food Safety System (HACCP) | C17: Hazard analysis | D17: MAJ | E17: O | F17: Required verification not performed at defined frequency; corrective action needed. | G17: SUP | J17: Click to watch Demo Video (60 seconds)
A18: 2.4.3.3 | B18: 2.4 Food Safety System (HACCP) | C18: CCPs | D18: C | E18: D | F18: Documented and effectively implemented across sampled departments. | J18: Schedule a 1 on demo here: Schedule on Calendly
A19: 2.4.3.4 | B19: 2.4 Food Safety System (HACCP) | C19: Monitoring | D19: C | E19: R | F19: Documented and effectively implemented across sampled departments.
A20: 2.4.3.5 | B20: 2.4 Food Safety System (HACCP) | C20: Corrective actions | D20: C | E20: O | F20: Reviewed records; implementation consistent with documented procedure.
A21: 2.4.3.6 | B21: 2.4 Food Safety System (HACCP) | C21: Verification/validation | D21: C | E21: R | F21: Observed practice aligns with program requirements; objective evidence available.
A22: 2.5.1.1 | B22: 2.5 Verification, Validation & Improvement | C22: Verification program | D22: C | E22: I | F22: Documented and effectively implemented across sampled departments.
A23: 2.5.1.2 | B23: 2.5 Verification, Validation & Improvement | C23: Validation | D23: C | E23: D | F23: Observed practice aligns with program requirements; objective evidence available.
A24: 2.5.4.1 | B24: 2.5 Verification, Validation & Improvement | C24: Internal audits | D24: C | E24: R | F24: Internal audit program current; annual schedule and completed audits verified.
A25: 2.5.4.2 | B25: 2.5 Verification, Validation & Improvement | C25: Full coverage | D25: C | E25: R | F25: Documented and effectively implemented across sampled departments.
A26: 2.5.5.1 | B26: 2.5 Verification, Validation & Improvement | C26: Management review | D26: C | E26: D | F26: Reviewed records; implementation consistent with documented procedure.
A27: 2.6.1.1 | B27: 2.6 Traceability & Recall | C27: Traceability | D27: MIN | E27: I | F27: Implementation generally effective; one record missing signature/date in sample. | G27: SYS
A28: 2.6.1.2 | B28: 2.6 Traceability & Recall | C28: 4-hour trace | D28: MAJ | E28: D | F28: Required verification not performed at defined frequency; corrective action needed. | G28: TRN
A29: 2.6.2.1 | B29: 2.6 Traceability & Recall | C29: Recall procedure | D29: C | E29: D | F29: Reviewed records; implementation consistent with documented procedure.
A30: 2.6.2.2 | B30: 2.6 Traceability & Recall | C30: Mock recall | D30: MIN | E30: R | F30: Mock recall completed; opportunity: improve lot-to-ship trace documentation for one finished good SKU. | G30: PRC
A31: 2.7.1.1 | B31: 2.7 Customer Complaints & CAPA | C31: Complaints procedure | D31: C | E31: D | F31: Documented and effectively implemented across sampled departments.
A32: 2.7.2.1 | B32: 2.7 Customer Complaints & CAPA | C32: Complaint trending | D32: C | E32: D | F32: Documented and effectively implemented across sampled departments.
A33: 2.7.3.1 | B33: 2.7 Customer Complaints & CAPA | C33: CAPA | D33: MIN | E33: I | F33: Minor inconsistency between revision history and distribution list. | G33: EQP
A34: 2.8.1.1 | B34: 2.8 Food Defense & Food Fraud | C34: Food defense plan | D34: C | E34: O | F34: Reviewed records; implementation consistent with documented procedure.
A35: 2.8.1.2 | B35: 2.8 Food Defense & Food Fraud | C35: Defense vulnerability | D35: C | E35: O | F35: Documented and effectively implemented across sampled departments.
A36: 2.8.2.1 | B36: 2.8 Food Defense & Food Fraud | C36: Food fraud risk | D36: MAJ | E36: D | F36: Food fraud vulnerability assessment incomplete for 2 high-risk ingredients; mitigation actions not documented. | G36: SYS
A37: 2.8.2.2 | B37: 2.8 Food Defense & Food Fraud | C37: Fraud mitigation | D37: C | E37: I | F37: Reviewed records; implementation consistent with documented procedure.
A38: 2.9.1.1 | B38: 2.9 Training | C38: Training program | D38: C | E38: R | F38: Reviewed records; implementation consistent with documented procedure.
A39: 2.9.2.1 | B39: 2.9 Training | C39: Job training | D39: C | E39: I | F39: Documented and effectively implemented across sampled departments.
A40: 2.9.2.2 | B40: 2.9 Training | C40: Training effectiveness | D40: MIN | E40: R | F40: Training effectiveness checks documented, but 1 role-based competency sign-off missing for new hire sample. | G40: TRN

Sheet (EXAMPLE) Module 11 - GMP
A1: Clause | B1: GMP Area | C1: Status | D1: Evidence Type | E1: Observations | F1: Root Cause
A2: 11.1 | B2: Site & premises | C2: MIN | D2: O | E2: Minor GMP gap observed; corrected during audit and documented in log. | F2: SUP
A3: 11.2 | B3: Personnel hygiene | C3: C | D3: R | E3: Area inspected; conditions and records meet GMP requirements for sampled lines.
A4: 11.3 | B4: Water / Air / Ice | C4: MAJ | D4: O | E4: Significant GMP deficiency with potential to impact product safety; CAPA required. | F4: SYS
A5: 11.4 | B5: Cleaning & sanitation | C5: MIN | D5: R | E5: Minor GMP gap observed; corrected during audit and documented in log. | F5: TRN
A6: 11.5 | B6: Pest control | C6: MIN | D6: D | E6: Minor GMP gap observed; corrected during audit and documented in log. | F6: EQP
A7: 11.6 | B7: Equipment & maintenance | C7: C | D7: O | E7: Area inspected; conditions and records meet GMP requirements for sampled lines.
A8: 11.7 | B8: Calibration | C8: MAJ | D8: D | E8: Significant GMP deficiency with potential to impact product safety; CAPA required. | F8: SUP
A9: 11.8 | B9: Glass & brittle plastics | C9: MIN | D9: R | E9: Glass register current; one quarterly inspection record missing inspector initials. | F9: PPL
A10: 11.9 | B10: Foreign material control | C10: MAJ | D10: D | E10: Significant GMP deficiency with potential to impact product safety; CAPA required. | F10: PRC
A11: 11.10 | B11: Allergen management | C11: MAJ | D11: O | E11: Allergen changeover verification records incomplete for 2 of 6 reviewed changeovers; label control effective but documentation gap is systemic. | F11: PRC
A12: 11.11 | B12: Chemical control | C12: MAJ | D12: R | E12: Significant GMP deficiency with potential to impact product safety; CAPA required. | F12: SUP
A13: 11.12 | B13: Waste management | C13: MIN | D13: I | E13: Minor GMP gap observed; corrected during audit and documented in log. | F13: PPL
A14: 11.13 | B14: Rework | C14: C | D14: O | E14: Area inspected; conditions and records meet GMP requirements for sampled lines.
A15: 11.14 | B15: Storage & transport | C15: C | D15: D | E15: Area inspected; conditions and records meet GMP requirements for sampled lines.
A16: 11.15 | B16: Product release | C16: C | D16: D | E16: Area inspected; conditions and records meet GMP requirements for sampled lines.
A17: 11.16 | B17: Labeling & verification | C17: C | D17: R | E17: Area inspected; conditions and records meet GMP requirements for sampled lines. | I17: Click to watch Demo Video (60 seconds)
A18: 11.17 | B18: Environmental monitoring | C18: MIN | D18: R | E18: Minor GMP gap observed; corrected during audit and documented in log. | F18: SUP | I18: Schedule a 1 on demo here: Schedule on Calendly

Sheet (EXAMPLE) Non-Conformance Log
A1: Clause | B1: Description | C1: Severity | D1: Root Cause | E1: Containment | F1: CAPA Ref
A2: 2.8.2.1 | B2: Food fraud vulnerability assessment incomplete for high-risk ingredients; mitigation not documented. | C2: MAJ | D2: SYS | E2: Initiated interim controls; placed affected ingredients on enhanced COA review pending VACCP update. | F2: CAPA-2026-007
A3: 2.9.2.2 | B3: One competency sign-off missing in training effectiveness verification sample. | C3: MIN | D3: TRN | E3: Supervisor completed sign-off and retrained on onboarding checklist requirements. | F3: CAPA-2026-008
A4: 11.10 | B4: Allergen changeover verification records incomplete for sampled changeovers. | C4: MAJ | D4: PRC | E4: Held affected lots pending record reconciliation; performed immediate sanitation verification and documented. | F4: CAPA-2026-009
A5: 11.8 | B5: Glass inspection record missing initials for one quarter. | C5: MIN | D5: PPL | E5: Completed retrospective verification; reissued inspection form with required fields highlighted. | F5: CAPA-2026-010
J17: Click to watch Demo Video (60 seconds)
J18: Schedule a 1 on demo here: Schedule on Calendly
